﻿<?xml version="1.0" encoding="utf-8" ?>
<BookInfos>
  <BookInfo>
    <AirLine>KLM</AirLine>
     <From>Boston</From>
    <To>Russia</To>
    <Date>12/12/2015</Date>
    <Price>1000</Price>
    <Class>Econom</Class>
  </BookInfo> 
  <BookInfo>
    <AirLine>AirFrance</AirLine>
     <From>Boston</From>
    <To>Paris</To>
    <Date>12/12/2015</Date>
    <Price>900</Price>
    <Class>Econom</Class>
  </BookInfo> 
  <BookInfo>
    <AirLine>Delta</AirLine>
     <From>Boston</From>
    <To>Thessaloniki</To>
    <Date>12/12/2015</Date>
    <Price>950</Price>
    <Class>Econom</Class>
  </BookInfo> 


</BookInfos>
