﻿<?xml version="1.0" encoding="utf-8" ?>
<UsersInfo>
  <UserInfo>
    <UserName>Test</UserName>
    <Password>Test</Password>
    <FirstName>AM443</FirstName>
    <LastName>New Appointment</LastName>
    <DateOfBirth>12/12/1990</DateOfBirth>
    <Nationality>Russian</Nationality>
    <Passport>434243</Passport>
    <Address>Moscow</Address>
    <phone>4154380000</phone>
    <AccessPoint>User</AccessPoint>
  </UserInfo>
  <UserInfo>
    <UserName>a</UserName>
    <Password>a</Password>
    <FirstName>Jon</FirstName>
    <LastName>Brwn</LastName>
    <DateOfBirth>12/12/1990</DateOfBirth>
    <Nationality>Russian</Nationality>
    <Passport>434243888</Passport>
    <Address>Moscow</Address>
    <phone>4154380010</phone>
    <AccessPoint>User</AccessPoint>  
  </UserInfo>
</UsersInfo>